p,propLabel,count
http://www.wikidata.org/prop/direct/P31,instance of,2813
http://www.wikidata.org/prop/direct/P39,position held,2813
http://www.wikidata.org/prop/direct/P569,date of birth,2813
http://www.wikidata.org/prop/direct/P21,sex or gender,2795
http://www.wikidata.org/prop/direct/P735,given name,2712
http://www.wikidata.org/prop/direct/P27,country of citizenship,2645
http://www.wikidata.org/prop/direct/P106,occupation,2619
http://www.wikidata.org/prop/direct/P734,family name,2494
http://www.wikidata.org/prop/direct/P19,place of birth,2300
http://www.wikidata.org/prop/direct/P646,Freebase ID,2053
http://www.wikidata.org/prop/direct/P570,date of death,1989
http://www.wikidata.org/prop/direct/P18,image,1751
http://www.wikidata.org/prop/direct/P102,member of political party,1741
http://www.wikidata.org/prop/direct/P69,educated at,1393
http://www.wikidata.org/prop/direct/P3368,Prabook ID,1328
http://www.wikidata.org/prop/direct/P1412,"languages spoken, written or signed",1287
http://www.wikidata.org/prop/direct/P20,place of death,1265
http://www.wikidata.org/prop/direct/P373,Commons category,1167
http://www.wikidata.org/prop/direct/P8445,Our Campaigns candidate ID,1061
http://www.wikidata.org/prop/direct/P8462,Political Graveyard politician ID,1029
http://www.wikidata.org/prop/direct/P535,Find a Grave memorial ID,972
http://www.wikidata.org/prop/direct/P119,place of burial,758
http://www.wikidata.org/prop/direct/P214,VIAF cluster ID,705
http://www.wikidata.org/prop/direct/P244,Library of Congress authority ID,670
http://www.wikidata.org/prop/direct/P10832,WorldCat Entities ID,636
http://www.wikidata.org/prop/direct/P10632,OpenSanctions ID,590
http://www.wikidata.org/prop/direct/P2949,WikiTree person ID,530
http://www.wikidata.org/prop/direct/P3430,SNAC ARK ID,495
http://www.wikidata.org/prop/direct/P2163,FAST ID,463
http://www.wikidata.org/prop/direct/P2600,Geni.com profile ID,451
http://www.wikidata.org/prop/direct/P1559,name in native language,423
http://www.wikidata.org/prop/direct/P937,work location,406
http://www.wikidata.org/prop/direct/P13591,Yale LUX ID,392
http://www.wikidata.org/prop/direct/P213,ISNI,386
http://www.wikidata.org/prop/direct/P2671,Google Knowledge Graph ID,357
http://www.wikidata.org/prop/direct/P2889,FamilySearch person ID,295
http://www.wikidata.org/prop/direct/P10660,C-SPAN person numeric ID,273
http://www.wikidata.org/prop/direct/P2190,C-SPAN person string ID (deprecated),247
http://www.wikidata.org/prop/direct/P1263,Notable Names Database ID,246
http://www.wikidata.org/prop/direct/P109,signature,237
http://www.wikidata.org/prop/direct/P227,GND ID,214
http://www.wikidata.org/prop/direct/P509,cause of death,214
http://www.wikidata.org/prop/direct/P1196,manner of death,195
http://www.wikidata.org/prop/direct/P140,religion or worldview,188
http://www.wikidata.org/prop/direct/P2002,X (Twitter) username,186
http://www.wikidata.org/prop/direct/P1157,US Congress Bio ID,184
http://www.wikidata.org/prop/direct/P551,residence,183
http://www.wikidata.org/prop/direct/P2390,Ballotpedia ID,181
http://www.wikidata.org/prop/direct/P856,official website,179
http://www.wikidata.org/prop/direct/P22,father,169
http://www.wikidata.org/prop/direct/P1477,birth name,165
http://www.wikidata.org/prop/direct/P40,child,158
http://www.wikidata.org/prop/direct/P648,Open Library ID,153
http://www.wikidata.org/prop/direct/P108,employer,152
http://www.wikidata.org/prop/direct/P11500,United States House of Representatives ID,152
http://www.wikidata.org/prop/direct/P2013,Facebook username,144
http://www.wikidata.org/prop/direct/P8189,National Library of Israel J9U ID,142
http://www.wikidata.org/prop/direct/P8687,social media followers,140
http://www.wikidata.org/prop/direct/P3344,Vote Smart candidate ID,138
http://www.wikidata.org/prop/direct/P241,military branch,138
http://www.wikidata.org/prop/direct/P973,described at URL,137
http://www.wikidata.org/prop/direct/P166,award received,132
http://www.wikidata.org/prop/direct/P26,spouse,131
http://www.wikidata.org/prop/direct/P607,participated in conflict,127
http://www.wikidata.org/prop/direct/P1343,described by source,117
http://www.wikidata.org/prop/direct/P1971,number of children,112
http://www.wikidata.org/prop/direct/P4823,American National Biography ID,109
http://www.wikidata.org/prop/direct/P2003,Instagram username,100
http://www.wikidata.org/prop/direct/P2267,PolitiFact people and groups ID,99
http://www.wikidata.org/prop/direct/P5008,on focus list of Wikimedia project,98
http://www.wikidata.org/prop/direct/P463,member of,97
http://www.wikidata.org/prop/direct/P1417,Encyclopædia Britannica Online ID,96
http://www.wikidata.org/prop/direct/P1225,U.S. National Archives Identifier,96
http://www.wikidata.org/prop/direct/P345,IMDb ID,94
http://www.wikidata.org/prop/direct/P269,IdRef ID,91
http://www.wikidata.org/prop/direct/P1442,image of grave,90
http://www.wikidata.org/prop/direct/P25,mother,86
http://www.wikidata.org/prop/direct/P6640,JRC Names ID,82
http://www.wikidata.org/prop/direct/P3373,sibling,80
http://www.wikidata.org/prop/direct/P1889,different from,78
http://www.wikidata.org/prop/direct/P8017,generational suffix,74
http://www.wikidata.org/prop/direct/P5421,Trading Card Database name ID,70
http://www.wikidata.org/prop/direct/P1006,Nationale Thesaurus voor Auteursnamen ID,68
http://www.wikidata.org/prop/direct/P2397,YouTube channel ID,67
http://www.wikidata.org/prop/direct/P172,ethnic group,63
http://www.wikidata.org/prop/direct/P4997,National Governors Association biography URL,63
http://www.wikidata.org/prop/direct/P3602,candidacy in election,57
http://www.wikidata.org/prop/direct/P6886,writing language,56
http://www.wikidata.org/prop/direct/P485,archives at,54
http://www.wikidata.org/prop/direct/P103,native language,53
http://www.wikidata.org/prop/direct/P1207,NUKAT ID,52
http://www.wikidata.org/prop/direct/P1839,US Federal Election Commission ID,51
http://www.wikidata.org/prop/direct/P268,Bibliothèque nationale de France ID,51
http://www.wikidata.org/prop/direct/P910,topic's main category,50
http://www.wikidata.org/prop/direct/P1741,GTAA ID,50
http://www.wikidata.org/prop/direct/P410,military or police rank,49
http://www.wikidata.org/prop/direct/P12098,Kinobox person ID,48
http://www.wikidata.org/prop/direct/P793,significant event,47
http://www.wikidata.org/prop/direct/P3388,LittleSis people ID,46
http://www.wikidata.org/prop/direct/P4985,TMDB person ID,46
http://www.wikidata.org/prop/direct/P3417,Quora topic ID,46
http://www.wikidata.org/prop/direct/P6723,BlackPast.org ID,45
http://www.wikidata.org/prop/direct/P935,Commons gallery,44
http://www.wikidata.org/prop/direct/P1284,Munzinger person ID,44
http://www.wikidata.org/prop/direct/P641,sport,43
http://www.wikidata.org/prop/direct/P8902,Archives at Yale agent ID,43
http://www.wikidata.org/prop/direct/P101,field of work,42
http://www.wikidata.org/prop/direct/P9743,Podchaser creator ID,41
http://www.wikidata.org/prop/direct/P12582,Oxford Reference overview ID,40
http://www.wikidata.org/prop/direct/P6634,LinkedIn personal profile ID,38
http://www.wikidata.org/prop/direct/P54,member of sports team,38
http://www.wikidata.org/prop/direct/P10302,Film.ru person ID,37
http://www.wikidata.org/prop/direct/P8094,GeneaStar person ID,37
http://www.wikidata.org/prop/direct/P7293,National Library of Poland MMS ID,35
http://www.wikidata.org/prop/direct/P12854,Plex person key,34
http://www.wikidata.org/prop/direct/P1038,relative,34
http://www.wikidata.org/prop/direct/P6015,Handbook of Texas ID,34
http://www.wikidata.org/prop/direct/P1050,medical condition,32
http://www.wikidata.org/prop/direct/P691,NL CR AUT ID,31
http://www.wikidata.org/prop/direct/P1344,participant in,29
http://www.wikidata.org/prop/direct/P4104,Carnegie Hall agent ID,29
http://www.wikidata.org/prop/direct/P7902,Deutsche Biographie (GND) ID,28
http://www.wikidata.org/prop/direct/P3160,Minnesota legislator ID,28
http://www.wikidata.org/prop/direct/P1315,NLA Trove people ID,27
http://www.wikidata.org/prop/direct/P1015,NORAF ID,25
http://www.wikidata.org/prop/direct/P13049,DDB person (GND) ID,24
http://www.wikidata.org/prop/direct/P1617,BBC Things ID,24
http://www.wikidata.org/prop/direct/P11249,KBR person ID,24
http://www.wikidata.org/prop/direct/P3762,openMLOL author ID,22
http://www.wikidata.org/prop/direct/P4666,CineMagia person ID,22
http://www.wikidata.org/prop/direct/P10441,Michigan Legislative Bio ID,22
http://www.wikidata.org/prop/direct/P5337,Google News topics ID,21
http://www.wikidata.org/prop/direct/P4629,Online Books Page author ID,21
http://www.wikidata.org/prop/direct/P2581,BabelNet ID,21
http://www.wikidata.org/prop/direct/P434,MusicBrainz artist ID,20
http://www.wikidata.org/prop/direct/P2686,OpenSecrets people ID,20
http://www.wikidata.org/prop/direct/P10297,Google Arts & Culture entity ID,20
http://www.wikidata.org/prop/direct/P1938,Project Gutenberg author ID,20
http://www.wikidata.org/prop/direct/P4193,Familypedia person ID,20
http://www.wikidata.org/prop/direct/P1399,convicted of,19
http://www.wikidata.org/prop/direct/P2963,Goodreads author ID,19
http://www.wikidata.org/prop/direct/P271,NACSIS-CAT author ID,19
http://www.wikidata.org/prop/direct/P8179,Canadiana Name Authority ID,19
http://www.wikidata.org/prop/direct/P11496,CiNii Research ID,19
http://www.wikidata.org/prop/direct/P1472,Commons Creator page,19
http://www.wikidata.org/prop/direct/P1871,CERL Thesaurus ID,19
http://www.wikidata.org/prop/direct/P512,academic degree,18
http://www.wikidata.org/prop/direct/P409,Libraries Australia ID,18
http://www.wikidata.org/prop/direct/P1695,NLP ID,18
http://www.wikidata.org/prop/direct/P2031,work period (start),18
http://www.wikidata.org/prop/direct/P949,National Library of Israel ID (old),17
http://www.wikidata.org/prop/direct/P10757,Personality Database profile ID,17
http://www.wikidata.org/prop/direct/P945,allegiance,17
http://www.wikidata.org/prop/direct/P5361,BNB person ID,16
http://www.wikidata.org/prop/direct/P10328,ICPSR Personal Names Authority List ID,16
http://www.wikidata.org/prop/direct/P245,Union List of Artist Names ID,15
http://www.wikidata.org/prop/direct/P3222,NE.se ID,15
http://www.wikidata.org/prop/direct/P950,National Library of Spain SpMaBN ID (BNE v1.0),15
http://www.wikidata.org/prop/direct/P1953,Discogs artist ID,15
http://www.wikidata.org/prop/direct/P7502,Golden ID,15
http://www.wikidata.org/prop/direct/P2048,height,15
http://www.wikidata.org/prop/direct/P8367,Legacy.com PersonID/GBID,15
http://www.wikidata.org/prop/direct/P10678,100 Years of Alaska's Legislature bio ID,15
http://www.wikidata.org/prop/direct/P1819,genealogics.org person ID,14
http://www.wikidata.org/prop/direct/P8313,Lex ID,14
http://www.wikidata.org/prop/direct/P9964,Kalliope-Verbund (GND) ID,14
http://www.wikidata.org/prop/direct/P118,league or competition,14
http://www.wikidata.org/prop/direct/P1449,nickname,14
http://www.wikidata.org/prop/direct/P4159,WeRelate person ID,14
http://www.wikidata.org/prop/direct/P4293,PM20 folder ID,13
http://www.wikidata.org/prop/direct/P2604,Kinopoisk person ID,13
http://www.wikidata.org/prop/direct/P3065,RERO ID (legacy),13
http://www.wikidata.org/prop/direct/P3221,New York Times topic ID,13
http://www.wikidata.org/prop/direct/P1532,country for sport,13
http://www.wikidata.org/prop/direct/P1185,Rodovid ID,13
http://www.wikidata.org/prop/direct/P6553,personal pronoun,13
http://www.wikidata.org/prop/direct/P6284,NCpedia ID,13
http://www.wikidata.org/prop/direct/P349,NDL Authority ID,12
http://www.wikidata.org/prop/direct/P4342,Store norske leksikon (Great Norwegian Encyclopedia) ID,12
http://www.wikidata.org/prop/direct/P5905,Comic Vine ID,12
http://www.wikidata.org/prop/direct/P7184,Awards & Winners artist ID,12
http://www.wikidata.org/prop/direct/P4081,BHL creator ID,12
http://www.wikidata.org/prop/direct/P11137,Reddit topic ID,12
http://www.wikidata.org/prop/direct/P2736,Biographical Directory of Federal Judges alpha ID,12
http://www.wikidata.org/prop/direct/P12000,Biographical Directory of Federal Judges numeric ID,12
http://www.wikidata.org/prop/direct/P1280,CONOR.SI ID,11
http://www.wikidata.org/prop/direct/P2605,ČSFD person ID,11
http://www.wikidata.org/prop/direct/P5034,National Library of Korea ID,11
http://www.wikidata.org/prop/direct/P5587,Libris-URI,11
http://www.wikidata.org/prop/direct/P7699,National Library of Lithuania ID,11
http://www.wikidata.org/prop/direct/P2067,mass,11
http://www.wikidata.org/prop/direct/P413,position played on team / speciality,11
http://www.wikidata.org/prop/direct/P3696,Sports Reference college basketball player ID,11
http://www.wikidata.org/prop/direct/P6424,affiliation string,11
http://www.wikidata.org/prop/direct/P3716,social classification,10
http://www.wikidata.org/prop/direct/P5019,Brockhaus Enzyklopädie online ID,10
http://www.wikidata.org/prop/direct/P9629,Armeniapedia ID,10
http://www.wikidata.org/prop/direct/P12086,WikiKids ID,10
http://www.wikidata.org/prop/direct/P701,Dodis ID,10
http://www.wikidata.org/prop/direct/P8568,Jewish Virtual Library ID,10
http://www.wikidata.org/prop/direct/P91,sexual orientation,10
http://www.wikidata.org/prop/direct/P12361,Bluesky handle,10
http://www.wikidata.org/prop/direct/P552,handedness,9
http://www.wikidata.org/prop/direct/P1258,Rotten Tomatoes ID,9
http://www.wikidata.org/prop/direct/P906,SELIBR ID,9
http://www.wikidata.org/prop/direct/P1303,instrument,9
http://www.wikidata.org/prop/direct/P3365,Treccani ID,9
http://www.wikidata.org/prop/direct/P3987,SHARE Catalogue author ID,9
http://www.wikidata.org/prop/direct/P7305,Online PWN Encyclopedia ID,9
http://www.wikidata.org/prop/direct/P7763,copyright status as a creator,9
http://www.wikidata.org/prop/direct/P7982,Hrvatska enciklopedija ID,9
http://www.wikidata.org/prop/direct/P9918,Kallías ID,9
http://www.wikidata.org/prop/direct/P9995,MYmovies person ID,9
http://www.wikidata.org/prop/direct/P2847,Google+ ID,9
http://www.wikidata.org/prop/direct/P10227,National Library of Ireland ID,9
http://www.wikidata.org/prop/direct/P11194,Famous Birthdays ID,9
http://www.wikidata.org/prop/direct/P12458,Parsifal cluster ID,9
http://www.wikidata.org/prop/direct/P2734,Unz Review author ID,9
http://www.wikidata.org/prop/direct/P9443,Virginia House of Delegates ID,9
http://www.wikidata.org/prop/direct/P1266,AlloCiné person ID,8
http://www.wikidata.org/prop/direct/P2019,AllMovie person ID,8
http://www.wikidata.org/prop/direct/P2638,TV.com ID,8
http://www.wikidata.org/prop/direct/P8125,Fandango person ID,8
http://www.wikidata.org/prop/direct/P1220,Internet Broadway Database person ID,8
http://www.wikidata.org/prop/direct/P8168,FactGrid item ID,8
http://www.wikidata.org/prop/direct/P1830,owner of,8
http://www.wikidata.org/prop/direct/P1899,LibriVox author ID,8
http://www.wikidata.org/prop/direct/P9346,France 24 topic ID (French),8
http://www.wikidata.org/prop/direct/P3267,Flickr user ID,8
http://www.wikidata.org/prop/direct/P9600,oral history at,8
http://www.wikidata.org/prop/direct/P10235,LocalWiki ID,8
http://www.wikidata.org/prop/direct/P9470,HistoryLink essay number,8
http://www.wikidata.org/prop/direct/P8034,Vatican Library VcBA ID,7
http://www.wikidata.org/prop/direct/P396,SBN author ID,7
http://www.wikidata.org/prop/direct/P451,unmarried partner,7
http://www.wikidata.org/prop/direct/P5033,Filmweb.pl person ID,7
http://www.wikidata.org/prop/direct/P7929,Roglo person ID,7
http://www.wikidata.org/prop/direct/P9984,CANTIC ID,7
http://www.wikidata.org/prop/direct/P11686,University of Barcelona authority ID,7
http://www.wikidata.org/prop/direct/P12800,Vikidia article ID,7
http://www.wikidata.org/prop/direct/P7704,Europeana entity,7
http://www.wikidata.org/prop/direct/P4657,The Numbers person ID,7
http://www.wikidata.org/prop/direct/P6200,BBC News topic ID,7
http://www.wikidata.org/prop/direct/P1329,phone number,7
http://www.wikidata.org/prop/direct/P1340,eye color,7
http://www.wikidata.org/prop/direct/P1233,ISFDB author ID,7
http://www.wikidata.org/prop/direct/P7644,Encyclopedia of Cleveland History ID,7
http://www.wikidata.org/prop/direct/P990,audio recording of the subject's spoken voice,6
http://www.wikidata.org/prop/direct/P1712,Metacritic ID,6
http://www.wikidata.org/prop/direct/P2168,Swedish Film Database person ID,6
http://www.wikidata.org/prop/direct/P3348,National Library of Greece ID,6
http://www.wikidata.org/prop/direct/P5284,Douban movie celebrity ID,6
http://www.wikidata.org/prop/direct/P9662,LdiF person ID,6
http://www.wikidata.org/prop/direct/P11386,Listal ID,6
http://www.wikidata.org/prop/direct/P12836,Douban personage ID,6
http://www.wikidata.org/prop/direct/P4638,The Peerage person ID,6
http://www.wikidata.org/prop/direct/P7775,RationalWiki ID,6
http://www.wikidata.org/prop/direct/P12173,Newman Numismatics Portal ID,6
http://www.wikidata.org/prop/direct/P1711,British Museum person or institution ID,6
http://www.wikidata.org/prop/direct/P7400,LibraryThing author ID,6
http://www.wikidata.org/prop/direct/P7085,TikTok username,6
http://www.wikidata.org/prop/direct/P7779,military unit,6
http://www.wikidata.org/prop/direct/P2562,married name,6
http://www.wikidata.org/prop/direct/P2611,TED speaker ID,6
http://www.wikidata.org/prop/direct/P1142,political ideology,6
http://www.wikidata.org/prop/direct/P12365,HistoryMakers Maker Directory ID,6
http://www.wikidata.org/prop/direct/P2632,place of detention,5
http://www.wikidata.org/prop/direct/P136,genre,5
http://www.wikidata.org/prop/direct/P1273,CANTIC ID (former scheme),5
http://www.wikidata.org/prop/direct/P1296,Gran Enciclopèdia Catalana ID (former scheme),5
http://www.wikidata.org/prop/direct/P1368,National Library of Latvia ID,5
http://www.wikidata.org/prop/direct/P1728,AllMusic artist ID,5
http://www.wikidata.org/prop/direct/P3106,Guardian topic ID,5
http://www.wikidata.org/prop/direct/P5340,American Film Institute person ID,5
http://www.wikidata.org/prop/direct/P5534,Open Media Database person ID,5
http://www.wikidata.org/prop/direct/P12385,Gran Enciclopèdia Catalana ID,5
http://www.wikidata.org/prop/direct/P7685,CALS Encyclopedia of Arkansas ID,5
http://www.wikidata.org/prop/direct/P8286,Olympedia people ID,5
http://www.wikidata.org/prop/direct/P5617,Evene ID,5
http://www.wikidata.org/prop/direct/P13443,Congressional Medal of Honor Society recipient ID,5
http://www.wikidata.org/prop/direct/P5508,archINFORM person/group ID,5
http://www.wikidata.org/prop/direct/P5298,Webb-site person ID,5
http://www.wikidata.org/prop/direct/P1017,Vatican Library ID (former scheme),5
http://www.wikidata.org/prop/direct/P2750,Photographers’ Identities Catalog ID,5
http://www.wikidata.org/prop/direct/P4457,DAHR artist ID,5
http://www.wikidata.org/prop/direct/P2685,Basketball Reference NBA player ID,5
http://www.wikidata.org/prop/direct/P10553,IxTheo authority ID,5
http://www.wikidata.org/prop/direct/P8309,Yle topic ID,5
http://www.wikidata.org/prop/direct/P800,notable work,5
http://www.wikidata.org/prop/direct/P2087,Crunchbase person ID,5
http://www.wikidata.org/prop/direct/P4862,Amazon author ID,5
http://www.wikidata.org/prop/direct/P7284,The Independent topic ID,5
http://www.wikidata.org/prop/direct/P13427,Ohio University ArchivesSpace agent ID,5
http://www.wikidata.org/prop/direct/P2032,work period (end),5
http://www.wikidata.org/prop/direct/P1416,affiliation,5
http://www.wikidata.org/prop/direct/P9885,Bing entity ID,5
http://www.wikidata.org/prop/direct/P1950,second family name in Spanish name,5
http://www.wikidata.org/prop/direct/P6802,related image,5
http://www.wikidata.org/prop/direct/P6371,Archives of Maryland Biographical Series ID,5
http://www.wikidata.org/prop/direct/P1375,NSK ID,4
http://www.wikidata.org/prop/direct/P1580,University of Barcelona authority ID (former scheme),4
http://www.wikidata.org/prop/direct/P2435,PORT person ID,4
http://www.wikidata.org/prop/direct/P3478,Songkick artist ID,4
http://www.wikidata.org/prop/direct/P3846,DBC author ID,4
http://www.wikidata.org/prop/direct/P5882,Muziekweb performer ID,4
http://www.wikidata.org/prop/direct/P6058,Larousse ID,4
http://www.wikidata.org/prop/direct/P6683,Alexander Turnbull Library ID,4
http://www.wikidata.org/prop/direct/P7369,National Library of Chile ID,4
http://www.wikidata.org/prop/direct/P7666,Visuotinė lietuvių enciklopedija ID,4
http://www.wikidata.org/prop/direct/P8349,Proleksis enciklopedija ID,4
http://www.wikidata.org/prop/direct/P11683,Ivi person ID,4
http://www.wikidata.org/prop/direct/P1801,plaque image,4
http://www.wikidata.org/prop/direct/P4272,DPLA subject term,4
http://www.wikidata.org/prop/direct/P5063,Interlingual Index ID,4
http://www.wikidata.org/prop/direct/P5247,Giant Bomb ID,4
http://www.wikidata.org/prop/direct/P8814,WordNet 3.1 Synset ID,4
http://www.wikidata.org/prop/direct/P8879,Kinorium person ID,4
http://www.wikidata.org/prop/direct/P10565,Encyclopedia of China (Third Edition) ID,4
http://www.wikidata.org/prop/direct/P12597,museum-digital person ID,4
http://www.wikidata.org/prop/direct/P6327,Goodreads character ID,4
http://www.wikidata.org/prop/direct/P1005,Portuguese National Library author ID,4
http://www.wikidata.org/prop/direct/P511,honorific prefix,4
http://www.wikidata.org/prop/direct/P11615,InfluenceWatch ID,4
http://www.wikidata.org/prop/direct/P6362,Litchfield Ledger ID,4
http://www.wikidata.org/prop/direct/P3957,RealGM basketball player ID,4
http://www.wikidata.org/prop/direct/P9514,The Draft Review ID,4
http://www.wikidata.org/prop/direct/P3899,Medium username,4
http://www.wikidata.org/prop/direct/P4839,Wolfram Language entity code,4
http://www.wikidata.org/prop/direct/P3192,Last.fm ID,4
http://www.wikidata.org/prop/direct/P647,drafted by,4
http://www.wikidata.org/prop/direct/P1019,web feed URL,4
http://www.wikidata.org/prop/direct/P10,video,4
http://www.wikidata.org/prop/direct/P4903,New Georgia Encyclopedia ID,4
http://www.wikidata.org/prop/direct/P7614,Dictionary of Wisconsin History ID,4
http://www.wikidata.org/prop/direct/P1411,nominated for,3
http://www.wikidata.org/prop/direct/P1424,topic has template,3
http://www.wikidata.org/prop/direct/P2373,Genius artist ID,3
http://www.wikidata.org/prop/direct/P2387,Elonet person ID,3
http://www.wikidata.org/prop/direct/P2626,Danish National Filmography person ID,3
http://www.wikidata.org/prop/direct/P2639,Filmportal ID,3
http://www.wikidata.org/prop/direct/P3219,Encyclopædia Universalis ID,3
http://www.wikidata.org/prop/direct/P3553,Zhihu topic ID,3
http://www.wikidata.org/prop/direct/P3630,Babelio author ID,3
http://www.wikidata.org/prop/direct/P4619,National Library of Brazil ID,3
http://www.wikidata.org/prop/direct/P4779,MYmovies actor ID (former scheme),3
http://www.wikidata.org/prop/direct/P6379,has works in the collection,3
http://www.wikidata.org/prop/direct/P6385,Krugosvet article,3
http://www.wikidata.org/prop/direct/P6706,De Agostini ID,3
http://www.wikidata.org/prop/direct/P7303,Grammy Awards artist ID,3
http://www.wikidata.org/prop/direct/P8851,CONOR.SR ID,3
http://www.wikidata.org/prop/direct/P9404,OFDb person ID,3
http://www.wikidata.org/prop/direct/P10234,Der Spiegel topic ID,3
http://www.wikidata.org/prop/direct/P10242,Lur Encyclopedic Dictionary ID,3
http://www.wikidata.org/prop/direct/P10387,Databazeknih.cz author ID,3
http://www.wikidata.org/prop/direct/P10780,Radio France person ID,3
http://www.wikidata.org/prop/direct/P10916,Süddeutsche Zeitung topic ID,3
http://www.wikidata.org/prop/direct/P13661,myCast talent ID,3
http://www.wikidata.org/prop/direct/P7745,Movie Walker Press person ID,3
http://www.wikidata.org/prop/direct/P2519,Scope.dk person ID,3
http://www.wikidata.org/prop/direct/P2218,net worth,3
http://www.wikidata.org/prop/direct/P5375,BIU Santé person ID,3
http://www.wikidata.org/prop/direct/P12483,PMB – Personen der Moderne Basis person ID,3
http://www.wikidata.org/prop/direct/P13613,Enciclopedia Galega Universal ID,3
http://www.wikidata.org/prop/direct/P1890,CCAB ID,3
http://www.wikidata.org/prop/direct/P2924,Great Russian Encyclopedia Online ID (old version),3
http://www.wikidata.org/prop/direct/P3280,BAnQ authority ID,3
http://www.wikidata.org/prop/direct/P9430,Encyclopedia of Jewish Women ID,3
http://www.wikidata.org/prop/direct/P10018,George Eastman Museum people ID,3
http://www.wikidata.org/prop/direct/P10266,AdoroCinema person ID,3
http://www.wikidata.org/prop/direct/P5419,NYRB contributor ID,3
http://www.wikidata.org/prop/direct/P6908,Cameo ID,3
http://www.wikidata.org/prop/direct/P10858,Truth Social username,3
http://www.wikidata.org/prop/direct/P3017,Rolling Stone artist ID,3
http://www.wikidata.org/prop/direct/P3479,Omni topic ID,3
http://www.wikidata.org/prop/direct/P6119,Letterboxd actor ID,3
http://www.wikidata.org/prop/direct/P6621,Le Figaro tag ID,3
http://www.wikidata.org/prop/direct/P7920,TheTVDB person ID,3
http://www.wikidata.org/prop/direct/P10457,Change.org decision maker ID,3
http://www.wikidata.org/prop/direct/P1430,Open Plaques subject ID,3
http://www.wikidata.org/prop/direct/P6005,Muck Rack journalist ID,3
http://www.wikidata.org/prop/direct/P8496,Archive Site Trinity College Cambridge ID,3
http://www.wikidata.org/prop/direct/P9371,FranceArchives agent ID,3
http://www.wikidata.org/prop/direct/P4789,Who's Who UK ID,3
http://www.wikidata.org/prop/direct/P12935,Illinois Center for the Book author ID,3
http://www.wikidata.org/prop/direct/P3943,Tumblr username,3
http://www.wikidata.org/prop/direct/P968,email address,3
http://www.wikidata.org/prop/direct/P4589,Dreadnought Project page,3
http://www.wikidata.org/prop/direct/P5404,Rate Your Music artist ID,3
http://www.wikidata.org/prop/direct/P3647,NBA.com player ID,3
http://www.wikidata.org/prop/direct/P8548,Proballers ID,3
http://www.wikidata.org/prop/direct/P11245,YouTube handle,3
http://www.wikidata.org/prop/direct/P12532,Oyez Project ID,3
http://www.wikidata.org/prop/direct/P53,family,3
http://www.wikidata.org/prop/direct/P10554,BillionGraves grave ID,3
http://www.wikidata.org/prop/direct/P7691,The Oregon Encyclopedia ID,3
http://www.wikidata.org/prop/direct/P11587,Iowa legislator ID,3
http://www.wikidata.org/prop/direct/P7128,Archives Directory for the History of Collecting in America ID,3
http://www.wikidata.org/prop/direct/P10006,AllSides ID,3
http://www.wikidata.org/prop/direct/P1884,hair color,3
http://www.wikidata.org/prop/direct/P6760,Know Your Meme numeric ID,3
http://www.wikidata.org/prop/direct/P6868,Hoopla artist ID,3
http://www.wikidata.org/prop/direct/P3984,subreddit,3
http://www.wikidata.org/prop/direct/P3360,Nobel Prize People Nomination ID,3
http://www.wikidata.org/prop/direct/P7695,e-WV: The West Virginia Encyclopedia ID,3
http://www.wikidata.org/prop/direct/P4026,Cullum number,3
http://www.wikidata.org/prop/direct/P6283,MNopedia ID,3
http://www.wikidata.org/prop/direct/P5745,Pacific Coast Architecture Database person ID,3
http://www.wikidata.org/prop/direct/P138,named after,3
http://www.wikidata.org/prop/direct/P7688,Mississippi Encyclopedia ID,2
http://www.wikidata.org/prop/direct/P1317,floruit,2
http://www.wikidata.org/prop/direct/P1816,National Portrait Gallery (London) person ID,2
http://www.wikidata.org/prop/direct/P3056,TCM Movie Database person ID,2
http://www.wikidata.org/prop/direct/P3114,ISzDb person ID,2
http://www.wikidata.org/prop/direct/P3204,Ciné-Ressources person ID,2
http://www.wikidata.org/prop/direct/P4223,Treccani's Enciclopedia Italiana ID,2
http://www.wikidata.org/prop/direct/P4438,"BFI Films, TV and people ID",2
http://www.wikidata.org/prop/direct/P4768,cinematografo.it name or company ID,2
http://www.wikidata.org/prop/direct/P4782,Movieplayer person ID,2
http://www.wikidata.org/prop/direct/P5719,National Medal of Arts winner ID,2
http://www.wikidata.org/prop/direct/P6150,Academy Awards Database nominee ID,2
http://www.wikidata.org/prop/direct/P6262,Fandom article ID,2
http://www.wikidata.org/prop/direct/P6394,ELNET ID,2
http://www.wikidata.org/prop/direct/P6839,TV Tropes ID,2
http://www.wikidata.org/prop/direct/P8895,All the Tropes article ID,2
http://www.wikidata.org/prop/direct/P10608,FID performing arts ID,2
http://www.wikidata.org/prop/direct/P11345,Cinematografo.it name or company ID (new),2
http://www.wikidata.org/prop/direct/P264,record label,2
http://www.wikidata.org/prop/direct/P1828,IPI name number,2
http://www.wikidata.org/prop/direct/P2909,SecondHandSongs artist ID,2
http://www.wikidata.org/prop/direct/P6275,copyright representative,2
http://www.wikidata.org/prop/direct/P1447,Sports-Reference.com Olympic athlete ID (archived),2
http://www.wikidata.org/prop/direct/P1826,Baseball Reference minor & foreign league player ID,2
http://www.wikidata.org/prop/direct/P4731,The Baseball Cube player ID,2
http://www.wikidata.org/prop/direct/P1766,place name sign,2
http://www.wikidata.org/prop/direct/P1482,Stack Exchange tag,2
http://www.wikidata.org/prop/direct/P1813,short name,2
http://www.wikidata.org/prop/direct/P3183,Wall Street Journal topic ID,2
http://www.wikidata.org/prop/direct/P94,coat of arms image,2
http://www.wikidata.org/prop/direct/P9756,Schoenberg Database of Manuscripts name ID,2
http://www.wikidata.org/prop/direct/P13183,JudaicaLink person (GND) ID,2
http://www.wikidata.org/prop/direct/P4539,Collective Biographies of Women ID,2
http://www.wikidata.org/prop/direct/P6404,Treccani's Dizionario di Storia ID,2
http://www.wikidata.org/prop/direct/P7700,Slovak National Library (VIAF) ID,2
http://www.wikidata.org/prop/direct/P9493,artist files at,2
http://www.wikidata.org/prop/direct/P9807,SNK ID,2
http://www.wikidata.org/prop/direct/P8591,Grove Music Online ID,2
http://www.wikidata.org/prop/direct/P8947,Museo Galileo authority ID,2
http://www.wikidata.org/prop/direct/P428,botanist author abbreviation,2
http://www.wikidata.org/prop/direct/P586,IPNI author ID,2
http://www.wikidata.org/prop/direct/P6264,Harvard Index of Botanists ID,2
http://www.wikidata.org/prop/direct/P51,audio,2
http://www.wikidata.org/prop/direct/P12354,Great American Business Leaders of the 20th Century ID,2
http://www.wikidata.org/prop/direct/P6944,Bionomia ID,2
http://www.wikidata.org/prop/direct/P650,RKDartists ID,2
http://www.wikidata.org/prop/direct/P10843,DeSmog ID,2
http://www.wikidata.org/prop/direct/P9171,RILM ID,2
http://www.wikidata.org/prop/direct/P4204,The Times of India topic ID,2
http://www.wikidata.org/prop/direct/P4515,Prisma ID,2
http://www.wikidata.org/prop/direct/P5184,Daum Encyclopedia ID,2
http://www.wikidata.org/prop/direct/P5233,Filmow ID,2
http://www.wikidata.org/prop/direct/P5264,Relationship Science person ID,2
http://www.wikidata.org/prop/direct/P6464,Mtime people ID,2
http://www.wikidata.org/prop/direct/P11079,Linktree ID,2
http://www.wikidata.org/prop/direct/P11892,Threads username,2
http://www.wikidata.org/prop/direct/P6829,Dictionary of Irish Biography ID,2
http://www.wikidata.org/prop/direct/P5357,Encyclopedia of Science Fiction ID,2
http://www.wikidata.org/prop/direct/P3646,Naismith Memorial Basketball Hall of Fame ID,2
http://www.wikidata.org/prop/direct/P9097,American Academy in Rome ID,2
http://www.wikidata.org/prop/direct/P1327,partner in business or sport,2
http://www.wikidata.org/prop/direct/P1902,Spotify artist ID,2
http://www.wikidata.org/prop/direct/P2348,time period,2
http://www.wikidata.org/prop/direct/P2722,Deezer artist ID,2
http://www.wikidata.org/prop/direct/P7545,askArt person ID,2
http://www.wikidata.org/prop/direct/P12338,FIBA.basketball people ID,2
http://www.wikidata.org/prop/direct/P9802,Penguin Random House author ID,2
http://www.wikidata.org/prop/direct/P3847,Open Library subject ID,2
http://www.wikidata.org/prop/direct/P2966,National Library of Wales Authority ID,2
http://www.wikidata.org/prop/direct/P12749,SNARC ID,2
http://www.wikidata.org/prop/direct/P4602,date of burial or cremation,2
http://www.wikidata.org/prop/direct/P4411,Quora username,2
http://www.wikidata.org/prop/direct/P6851,Biographical Dictionary of Iowa ID,2
http://www.wikidata.org/prop/direct/P7686,Encyclopedia of the Great Plains ID,2
http://www.wikidata.org/prop/direct/P7977,AncientFaces person ID,2
http://www.wikidata.org/prop/direct/P1576,lifestyle,2
http://www.wikidata.org/prop/direct/P998,Curlie ID,2
http://www.wikidata.org/prop/direct/P12644,GovTrack person ID,2
http://www.wikidata.org/prop/direct/P4265,Reddit username,2
http://www.wikidata.org/prop/direct/P6016,Tennessee Encyclopedia ID,2
http://www.wikidata.org/prop/direct/P5306,LONSEA ID,2
http://www.wikidata.org/prop/direct/P6329,Share-VDE 1.0 author ID,2
http://www.wikidata.org/prop/direct/P8992,1914-1918-Online ID,2
http://www.wikidata.org/prop/direct/P2799,BVMC person ID,2
http://www.wikidata.org/prop/direct/P5469,Latter-day Saint Literature database artist ID (archived),2
http://www.wikidata.org/prop/direct/P3342,significant person,2
http://www.wikidata.org/prop/direct/P8590,Jewish Encyclopedia ID,2
http://www.wikidata.org/prop/direct/P13708,Encyclopedia of Indianapolis ID,2
http://www.wikidata.org/prop/direct/P7723,The Encyclopedia of Oklahoma History and Culture ID,2
http://www.wikidata.org/prop/direct/P1347,military casualty classification,2
http://www.wikidata.org/prop/direct/P6722,FemBio ID,2
http://www.wikidata.org/prop/direct/P9363,Tacoma-Pierce County Obituary Index ID,2
http://www.wikidata.org/prop/direct/P8081,WBIS ID,2
http://www.wikidata.org/prop/direct/P6844,abART person ID,2
http://www.wikidata.org/prop/direct/P3229,South Dakota legislator ID,2
http://www.wikidata.org/prop/direct/P5739,Pontificia Università della Santa Croce ID,2
http://www.wikidata.org/prop/direct/P11870,The Literary Encyclopedia person ID,2
http://www.wikidata.org/prop/direct/P12191,Alaska Women’s Hall of Fame ID,2
http://www.wikidata.org/prop/direct/P5981,Encyclopedia Virginia ID,2
http://www.wikidata.org/prop/direct/P10545,Arizona State Legislators: Then & Now ID,2
http://www.wikidata.org/prop/direct/P9322,SVKKL authority ID,2
http://www.wikidata.org/prop/direct/P8007,US Bureau of Prisons Inmate Register Number,2
http://www.wikidata.org/prop/direct/P13568,Substack handle,2
http://www.wikidata.org/prop/direct/P11869,VMI Historical Rosters Database ID,2
http://www.wikidata.org/prop/direct/P1366,replaced by,2
http://www.wikidata.org/prop/direct/P358,discography,1
http://www.wikidata.org/prop/direct/P1283,filmography,1
http://www.wikidata.org/prop/direct/P1455,list of works,1
http://www.wikidata.org/prop/direct/P2174,Museum of Modern Art artist ID,1
http://www.wikidata.org/prop/direct/P2354,has list,1
http://www.wikidata.org/prop/direct/P2688,Box Office Mojo person ID (archived),1
http://www.wikidata.org/prop/direct/P3136,elCinema person ID,1
http://www.wikidata.org/prop/direct/P3142,EDb person ID,1
http://www.wikidata.org/prop/direct/P3305,KINENOTE person ID,1
http://www.wikidata.org/prop/direct/P3980,Unifrance person ID,1
http://www.wikidata.org/prop/direct/P4514,Africultures person ID,1
http://www.wikidata.org/prop/direct/P5254,FilmTv.it person ID,1
http://www.wikidata.org/prop/direct/P5319,César Award person ID,1
http://www.wikidata.org/prop/direct/P6083,Cineuropa person ID,1
http://www.wikidata.org/prop/direct/P6603,film-documentaire.fr author ID,1
http://www.wikidata.org/prop/direct/P6764,V&A person ID,1
http://www.wikidata.org/prop/direct/P6992,IMFDB ID,1
http://www.wikidata.org/prop/direct/P7003,ACMI ID,1
http://www.wikidata.org/prop/direct/P7024,Flemish Public Libraries ID,1
http://www.wikidata.org/prop/direct/P7084,related category,1
http://www.wikidata.org/prop/direct/P7212,LyricsTranslate ID,1
http://www.wikidata.org/prop/direct/P7214,Allcinema person ID,1
http://www.wikidata.org/prop/direct/P7553,Sinemalar person ID,1
http://www.wikidata.org/prop/direct/P7803,Decine21 person ID,1
http://www.wikidata.org/prop/direct/P7865,CoBiS author ID,1
http://www.wikidata.org/prop/direct/P8637,L'Officiel des spectacles ID,1
http://www.wikidata.org/prop/direct/P8971,Cinémathèque québécoise person ID,1
http://www.wikidata.org/prop/direct/P9251,Cyprus University of Technology ID,1
http://www.wikidata.org/prop/direct/P9463,MovieMeter person ID,1
http://www.wikidata.org/prop/direct/P9760,Treccani's Enciclopedia del Cinema ID,1
http://www.wikidata.org/prop/direct/P9775,Treccani's Lessico del XXI Secolo ID,1
http://www.wikidata.org/prop/direct/P10069,Tabakalera ID,1
http://www.wikidata.org/prop/direct/P11434,ComingSoon.it person ID,1
http://www.wikidata.org/prop/direct/P11924,IMDb keyword,1
http://www.wikidata.org/prop/direct/P12153,FilmAffinity person ID,1
http://www.wikidata.org/prop/direct/P13019,RedBA Granada authority ID,1
http://www.wikidata.org/prop/direct/P13455,Dezède person ID,1
http://www.wikidata.org/prop/direct/P10419,LastDodo-area-ID,1
http://www.wikidata.org/prop/direct/P6181,Disney A to Z ID,1
http://www.wikidata.org/prop/direct/P2091,World Rowing rower ID,1
http://www.wikidata.org/prop/direct/P3171,Olympic.org athlete ID (archived),1
http://www.wikidata.org/prop/direct/P5815,Olympics.com athlete ID,1
http://www.wikidata.org/prop/direct/P8990,World Rowing rower UUID,1
http://www.wikidata.org/prop/direct/P8381,Emmys person ID,1
http://www.wikidata.org/prop/direct/P3506,Luding designer ID,1
http://www.wikidata.org/prop/direct/P1825,Baseball Reference major league player ID,1
http://www.wikidata.org/prop/direct/P3541,MLB.com player ID,1
http://www.wikidata.org/prop/direct/P3571,ESPN.com MLB player ID,1
http://www.wikidata.org/prop/direct/P3574,FanGraphs player ID,1
http://www.wikidata.org/prop/direct/P6976,Retrosheet person ID,1
http://www.wikidata.org/prop/direct/P2987,TaekwondoData person ID,1
http://www.wikidata.org/prop/direct/P1035,honorific suffix,1
http://www.wikidata.org/prop/direct/P3052,Bloomberg person ID,1
http://www.wikidata.org/prop/direct/P7689,Online Nevada Encyclopedia ID,1
http://www.wikidata.org/prop/direct/P13311,Digital Scriptorium Catalog item ID,1
http://www.wikidata.org/prop/direct/P4440,Biblioteca Nacional de México ID,1
http://www.wikidata.org/prop/direct/P8408,KBpedia ID,1
http://www.wikidata.org/prop/direct/P9594,Bodleian Archives & Manuscripts person ID,1
http://www.wikidata.org/prop/direct/P11762,Britannica Kids kids level article ID,1
http://www.wikidata.org/prop/direct/P11764,Britannica Kids students level article ID,1
http://www.wikidata.org/prop/direct/P11765,Britannica Kids scholars level article ID,1
http://www.wikidata.org/prop/direct/P13030,Münzkabinett ID,1
http://www.wikidata.org/prop/direct/P13606,15min.lt theme ID,1
http://www.wikidata.org/prop/direct/P2538,Nationalmuseum Sweden ID,1
http://www.wikidata.org/prop/direct/P8001,endorsed by,1
http://www.wikidata.org/prop/direct/P1564,At the Circulating Library ID,1
http://www.wikidata.org/prop/direct/P6821,Alvin ID,1
http://www.wikidata.org/prop/direct/P7029,National Library of Russia ID,1
http://www.wikidata.org/prop/direct/P9247,Pontifical University of Salamanca ID,1
http://www.wikidata.org/prop/direct/P11156,MMB ID,1
http://www.wikidata.org/prop/direct/P4474,International Boxing Hall of Fame boxer ID,1
http://www.wikidata.org/prop/direct/P10540,TASS Encyclopedia person ID,1
http://www.wikidata.org/prop/direct/P12614,az.lib.ru author ID,1
http://www.wikidata.org/prop/direct/P13170,ZSL authority ID,1
http://www.wikidata.org/prop/direct/P8826,edition humboldt digital ID,1
http://www.wikidata.org/prop/direct/P8904,Parler username (archived),1
http://www.wikidata.org/prop/direct/P1581,official blog URL,1
http://www.wikidata.org/prop/direct/P9368,CNA topic ID,1
http://www.wikidata.org/prop/direct/P9549,official podcast,1
http://www.wikidata.org/prop/direct/P8748,Rheinland-Pfälzische Personendatenbank (GND) ID,1
http://www.wikidata.org/prop/direct/P157,killed by,1
http://www.wikidata.org/prop/direct/P9426,Generals of World War II ID,1
http://www.wikidata.org/prop/direct/P13662,nasljerseys.com player ID,1
http://www.wikidata.org/prop/direct/P1670,Canadiana Authorities ID (former scheme),1
http://www.wikidata.org/prop/direct/P3074,Grace's Guide ID,1
http://www.wikidata.org/prop/direct/P3919,contributed to creative work,1
http://www.wikidata.org/prop/direct/P9226,ARAE ID,1
http://www.wikidata.org/prop/direct/P4796,Basketball Reference NBL player ID,1
http://www.wikidata.org/prop/direct/P154,logo image,1
http://www.wikidata.org/prop/direct/P5478,RPO poet ID,1
http://www.wikidata.org/prop/direct/P4332,Deutsche Synchronkartei actor ID,1
http://www.wikidata.org/prop/direct/P11646,Deutsche Synchronkartei person ID,1
http://www.wikidata.org/prop/direct/P3241,Catholic Encyclopedia ID,1
http://www.wikidata.org/prop/direct/P742,pseudonym,1
http://www.wikidata.org/prop/direct/P1977,Les Archives du spectacle person ID,1
http://www.wikidata.org/prop/direct/P2510,National Discography of Italian Song artist/group ID,1
http://www.wikidata.org/prop/direct/P3913,MobyGames person ID,1
http://www.wikidata.org/prop/direct/P4208,Billboard artist ID,1
http://www.wikidata.org/prop/direct/P5007,Behind The Voice Actors person ID,1
http://www.wikidata.org/prop/direct/P5796,Internet Game Database person ID (archived),1
http://www.wikidata.org/prop/direct/P6351,Genius artist numeric ID,1
http://www.wikidata.org/prop/direct/P6461,Rock's Backpages artist ID,1
http://www.wikidata.org/prop/direct/P6926,Nederlandse Top 40 artist ID,1
http://www.wikidata.org/prop/direct/P8980,KANTO ID,1
http://www.wikidata.org/prop/direct/P9965,Musik-Sammler.de artist ID,1
http://www.wikidata.org/prop/direct/P10372,Offizielle Deutsche Charts person ID,1
http://www.wikidata.org/prop/direct/P3527,Eurobasket.com player ID,1
http://www.wikidata.org/prop/direct/P3542,FIBA.com player ID (archived),1
http://www.wikidata.org/prop/direct/P8793,Quirinale ID,1
http://www.wikidata.org/prop/direct/P3448,stepparent,1
http://www.wikidata.org/prop/direct/P2416,sports discipline competed in,1
http://www.wikidata.org/prop/direct/P3884,Tilastopaja male athlete ID,1
http://www.wikidata.org/prop/direct/P3925,Track and Field Statistics male athlete ID,1
http://www.wikidata.org/prop/direct/P3566,Just Sports Stats player ID,1
http://www.wikidata.org/prop/direct/P9338,NFL.com player ID,1
http://www.wikidata.org/prop/direct/P3276,Wellfound ID,1
http://www.wikidata.org/prop/direct/P10289,Podchaser creator numeric ID,1
http://www.wikidata.org/prop/direct/P5004,in opposition to,1
http://www.wikidata.org/prop/direct/P2268,Musée d'Orsay artist or personality ID,1
http://www.wikidata.org/prop/direct/P10611,has certification,1
http://www.wikidata.org/prop/direct/P8777,NCAA Statistics coach ID,1
http://www.wikidata.org/prop/direct/P12088,Open Library publisher ID,1
http://www.wikidata.org/prop/direct/P1618,sport number,1
http://www.wikidata.org/prop/direct/P866,Perlentaucher ID,1
http://www.wikidata.org/prop/direct/P1387,political alignment,1
http://www.wikidata.org/prop/direct/P6276,Amazon Music artist ID,1
http://www.wikidata.org/prop/direct/P6328,Politika topic ID,1
http://www.wikidata.org/prop/direct/P6517,WhoSampled artist ID,1
http://www.wikidata.org/prop/direct/P6620,L'Express person ID,1
http://www.wikidata.org/prop/direct/P6654,Periscope ID,1
http://www.wikidata.org/prop/direct/P6849,DR topic ID,1
http://www.wikidata.org/prop/direct/P6914,Gaana artist ID,1
http://www.wikidata.org/prop/direct/P6972,Napster artist ID,1
http://www.wikidata.org/prop/direct/P7071,Qobuz artist ID,1
http://www.wikidata.org/prop/direct/P7154,Empik author ID,1
http://www.wikidata.org/prop/direct/P7157,The Top Tens ID,1
http://www.wikidata.org/prop/direct/P7188,LiveXLive artist ID,1
http://www.wikidata.org/prop/direct/P7193,YesAsia author ID,1
http://www.wikidata.org/prop/direct/P7195,Bandsintown artist ID,1
http://www.wikidata.org/prop/direct/P7215,Eiga.com person ID,1
http://www.wikidata.org/prop/direct/P7277,Pandora artist ID,1
http://www.wikidata.org/prop/direct/P7300,MUBI person ID,1
http://www.wikidata.org/prop/direct/P8223,K-Scholar ID,1
http://www.wikidata.org/prop/direct/P9006,Pocket Casts ID,1
http://www.wikidata.org/prop/direct/P12126,HBL topic ID,1
http://www.wikidata.org/prop/direct/P13300,New York Post topic ID,1
http://www.wikidata.org/prop/direct/P2607,BookBrainz author ID,1
http://www.wikidata.org/prop/direct/P2850,Apple Music artist ID (U.S. version),1
http://www.wikidata.org/prop/direct/P2984,Snapchat username,1
http://www.wikidata.org/prop/direct/P3040,SoundCloud ID,1
http://www.wikidata.org/prop/direct/P3283,Bandcamp profile ID,1
http://www.wikidata.org/prop/direct/P3509,Dagens Nyheter topic ID,1
http://www.wikidata.org/prop/direct/P3845,TV Guide person ID (former scheme),1
http://www.wikidata.org/prop/direct/P4013,Giphy username,1
http://www.wikidata.org/prop/direct/P4167,Dagens Næringsliv topic ID,1
http://www.wikidata.org/prop/direct/P4198,Google Play Music artist ID (former scheme),1
http://www.wikidata.org/prop/direct/P4473,Melon artist ID,1
http://www.wikidata.org/prop/direct/P4576,Tidal artist ID,1
http://www.wikidata.org/prop/direct/P4682,Eldoblaje original actor ID,1
http://www.wikidata.org/prop/direct/P4747,Line Music artist ID,1
http://www.wikidata.org/prop/direct/P5145,Bugs! artist ID,1
http://www.wikidata.org/prop/direct/P5154,KKBox artist ID,1
http://www.wikidata.org/prop/direct/P5551,Courrier international topic ID,1
http://www.wikidata.org/prop/direct/P5558,Le Monde ID,1
http://www.wikidata.org/prop/direct/P5705,Los Angeles Review of Books author ID,1
http://www.wikidata.org/prop/direct/P5797,Twitch username,1
http://www.wikidata.org/prop/direct/P1299,depicted by,1
http://www.wikidata.org/prop/direct/P1842,Global Anabaptist Mennonite Encyclopedia Online ID,1
http://www.wikidata.org/prop/direct/P2650,interested in,1
http://www.wikidata.org/prop/direct/P13408,National Academy of Engineering member ID,1
http://www.wikidata.org/prop/direct/P2868,subject has role,1
http://www.wikidata.org/prop/direct/P13627,Niedersächsische Personen ID,1
http://www.wikidata.org/prop/direct/P9619,Price One Penny author ID,1
http://www.wikidata.org/prop/direct/P6010,Encyclopedia of Alabama ID,1
http://www.wikidata.org/prop/direct/P598,commander of (DEPRECATED),1
http://www.wikidata.org/prop/direct/P423,shooting handedness,1
http://www.wikidata.org/prop/direct/P1350,number of matches played/races/starts,1
http://www.wikidata.org/prop/direct/P2481,Elite Prospects player ID,1
http://www.wikidata.org/prop/direct/P2601,Eurohockey.com player ID,1
http://www.wikidata.org/prop/direct/P2602,HockeyDB player ID,1
http://www.wikidata.org/prop/direct/P3522,NHL.com player ID,1
http://www.wikidata.org/prop/direct/P3598,Hockey-Reference.com player ID,1
http://www.wikidata.org/prop/direct/P3652,Kontinental Hockey League player ID,1
http://www.wikidata.org/prop/direct/P6509,total goals in career,1
http://www.wikidata.org/prop/direct/P6543,total shots in career,1
http://www.wikidata.org/prop/direct/P6544,total points in career,1
http://www.wikidata.org/prop/direct/P6545,total assists in career,1
http://www.wikidata.org/prop/direct/P6546,penalty minutes in career,1
http://www.wikidata.org/prop/direct/P6547,career plus-minus rating,1
http://www.wikidata.org/prop/direct/P4422,U.S. Ski and Snowboard Hall of Fame athlete ID,1
http://www.wikidata.org/prop/direct/P4003,Facebook page ID,1
http://www.wikidata.org/prop/direct/P3964,BDCYL authority ID,1
http://www.wikidata.org/prop/direct/P4802,BVPB authority ID,1
http://www.wikidata.org/prop/direct/P6496,Biblioteca Digital Andalucía authority ID,1
http://www.wikidata.org/prop/direct/P12538,Galician Authors in the BUSC ID,1
http://www.wikidata.org/prop/direct/P9406,Tacoma Local History & Biography Index ID,1
http://www.wikidata.org/prop/direct/P6194,Austrian Biographical Encyclopedia ID,1
http://www.wikidata.org/prop/direct/P3836,Pinterest username,1
http://www.wikidata.org/prop/direct/P2561,name,1
http://www.wikidata.org/prop/direct/P2753,Dictionary of Canadian Biography ID,1
http://www.wikidata.org/prop/direct/P6226,ARLLFB member ID,1
http://www.wikidata.org/prop/direct/P4527,UK Parliament thesaurus ID,1
http://www.wikidata.org/prop/direct/P11514,Great Russian Encyclopedia portal ID,1
http://www.wikidata.org/prop/direct/P1146,World Athletics athlete ID,1
http://www.wikidata.org/prop/direct/P11449,TV Maze person ID,1
http://www.wikidata.org/prop/direct/P4522,Alaska Sports Hall of Fame inductee ID,1
http://www.wikidata.org/prop/direct/P10029,Women in the Legislature ID,1
http://www.wikidata.org/prop/direct/P11182,UOM ID,1
http://www.wikidata.org/prop/direct/P13388,Iowa State University Library Vocabularies ID,1
http://www.wikidata.org/prop/direct/P12363,clerked for,1
http://www.wikidata.org/prop/direct/P1066,student of,1
http://www.wikidata.org/prop/direct/P7444,Rijksmuseum Research Library authority ID,1
http://www.wikidata.org/prop/direct/P8336,MNBAQ artist ID,1
http://www.wikidata.org/prop/direct/P443,pronunciation audio,1
http://www.wikidata.org/prop/direct/P6366,Microsoft Academic ID,1
http://www.wikidata.org/prop/direct/P3697,Sports Reference college football player ID,1
http://www.wikidata.org/prop/direct/P7690,South Carolina Encyclopedia ID,1
http://www.wikidata.org/prop/direct/P6023,ResearchGate contributions ID,1
http://www.wikidata.org/prop/direct/P4560,National Collegiate Basketball Hall of Fame ID,1
http://www.wikidata.org/prop/direct/P7952,The First Amendment Encyclopedia ID,1
http://www.wikidata.org/prop/direct/P9707,GCD creator ID,1
http://www.wikidata.org/prop/direct/P5731,Angelicum ID,1
http://www.wikidata.org/prop/direct/P8669,Encyclopaedia Beliana ID,1
http://www.wikidata.org/prop/direct/P9037,BHCL UUID,1
http://www.wikidata.org/prop/direct/P9160,Biographical Dictionary of the Czech Lands ID,1
http://www.wikidata.org/prop/direct/P989,spoken text audio,1
http://www.wikidata.org/prop/direct/P4376,Oklahoma Sports Hall of Fame ID (dead link),1
